{"cameraMode":{"drawMode":0,"name":"Shaded","section":"Shading Mode"},"sceneLighting":true,"audioPlay":false,"sceneViewState":{"m_AlwaysRefresh":false,"showFog":true,"showSkybox":true,"showFlares":true,"showImageEffects":true,"showParticleSystems":true,"showVisualEffectGraphs":true,"m_FxEnabled":true},"in2DMode":false,"pivot":{"x":0.5500001907348633,"y":1.6000001430511475,"z":-5.369999885559082},"rotation":{"x":0.627933144569397,"y":0.0023347921669483186,"z":-0.0018838054966181517,"w":0.778261661529541},"size":12.3861722946167,"orthographic":true}