{"cameraMode":{"drawMode":0,"name":"Shaded","section":"Shading Mode"},"sceneLighting":true,"audioPlay":false,"sceneViewState":{"m_AlwaysRefresh":false,"showFog":true,"showSkybox":true,"showFlares":true,"showImageEffects":true,"showParticleSystems":true,"showVisualEffectGraphs":true,"m_FxEnabled":true},"in2DMode":false,"pivot":{"x":-0.49012210965156557,"y":10.811775207519532,"z":-21.1121826171875},"rotation":{"x":0.545421302318573,"y":-0.0037717041559517385,"z":0.0024544133339077236,"w":0.8381502032279968},"size":27.5579776763916,"orthographic":false}